variable,unit,nilai,jumlah,proporsi
temperature_c,°C,26,16192,0.00798611111111111
temperature_c,°C,26.1,14344,0.00707465277777778
temperature_c,°C,26.2,10538,0.00519748263888889
temperature_c,°C,26.3,8206,0.00404730902777778
temperature_c,°C,26.4,8668,0.00427517361111111
temperature_c,°C,26.5,7634,0.00376519097222222
temperature_c,°C,26.6,8602,0.00424262152777778
temperature_c,°C,26.7,11660,0.00575086805555556
temperature_c,°C,26.8,15290,0.00754123263888889
temperature_c,°C,26.9,17226,0.00849609375
temperature_c,°C,27,22286,0.0109917534722222
temperature_c,°C,27.1,21692,0.0106987847222222
temperature_c,°C,27.2,19338,0.00953776041666667
temperature_c,°C,27.3,17380,0.00857204861111111
temperature_c,°C,27.4,16192,0.00798611111111111
temperature_c,°C,27.5,18854,0.00929904513888889
temperature_c,°C,27.6,23650,0.0116644965277778
temperature_c,°C,27.7,22792,0.0112413194444444
temperature_c,°C,27.8,19800,0.009765625
temperature_c,°C,27.9,20592,0.01015625
temperature_c,°C,28,23848,0.0117621527777778
temperature_c,°C,28.1,21032,0.0103732638888889
temperature_c,°C,28.2,24750,0.01220703125
temperature_c,°C,28.3,24046,0.0118598090277778
temperature_c,°C,28.4,23166,0.01142578125
temperature_c,°C,28.5,22704,0.0111979166666667
temperature_c,°C,28.6,22308,0.0110026041666667
temperature_c,°C,28.7,22176,0.0109375
temperature_c,°C,28.8,22132,0.0109157986111111
temperature_c,°C,28.9,23166,0.01142578125
temperature_c,°C,29,20724,0.0102213541666667
temperature_c,°C,29.1,17842,0.00879991319444444
temperature_c,°C,29.2,17732,0.00874565972222222
temperature_c,°C,29.3,19602,0.00966796875
temperature_c,°C,29.4,25564,0.0126085069444444
temperature_c,°C,29.5,25542,0.01259765625
temperature_c,°C,29.6,26620,0.0131293402777778
temperature_c,°C,29.7,24442,0.0120551215277778
temperature_c,°C,29.8,22660,0.0111762152777778
temperature_c,°C,29.9,20856,0.0102864583333333
temperature_c,°C,30,36014,0.0177625868055556
temperature_c,°C,30.1,40788,0.0201171875
temperature_c,°C,30.2,40392,0.019921875
temperature_c,°C,30.3,40942,0.0201931423611111
temperature_c,°C,30.4,44110,0.0217556423611111
temperature_c,°C,30.5,41184,0.0203125
temperature_c,°C,30.6,40084,0.0197699652777778
temperature_c,°C,30.7,34936,0.0172309027777778
temperature_c,°C,30.8,36498,0.0180013020833333
temperature_c,°C,30.9,36014,0.0177625868055556
temperature_c,°C,31,50732,0.0250217013888889
temperature_c,°C,31.1,48620,0.0239800347222222
temperature_c,°C,31.2,85932,0.0423828125
temperature_c,°C,31.3,47410,0.0233832465277778
temperature_c,°C,31.4,49610,0.0244683159722222
temperature_c,°C,31.5,52734,0.0260091145833333
temperature_c,°C,31.6,49588,0.0244574652777778
temperature_c,°C,31.7,48576,0.0239583333333333
temperature_c,°C,31.8,48972,0.0241536458333333
temperature_c,°C,31.9,53262,0.02626953125
temperature_c,°C,32,29414,0.0145073784722222
temperature_c,°C,32.1,29128,0.0143663194444444
temperature_c,°C,32.2,32670,0.01611328125
temperature_c,°C,32.3,30932,0.0152560763888889
temperature_c,°C,32.4,30052,0.0148220486111111
temperature_c,°C,32.5,27038,0.0133355034722222
temperature_c,°C,32.6,24024,0.0118489583333333
temperature_c,°C,32.7,24244,0.0119574652777778
temperature_c,°C,32.8,25784,0.0127170138888889
temperature_c,°C,32.9,27940,0.0137803819444444
temperature_c,°C,33,6468,0.00319010416666667
temperature_c,°C,33.1,5764,0.00284288194444444
temperature_c,°C,33.2,4378,0.00215928819444444
temperature_c,°C,33.3,3674,0.00181206597222222
temperature_c,°C,33.4,4422,0.00218098958333333
temperature_c,°C,33.5,4664,0.00230034722222222
temperature_c,°C,33.6,3960,0.001953125
temperature_c,°C,33.7,4796,0.00236545138888889
temperature_c,°C,33.8,4400,0.00217013888888889
temperature_c,°C,33.9,5522,0.00272352430555556
humidity_percent,%,47,3762,0.00185546875
humidity_percent,%,48,30250,0.0149197048611111
humidity_percent,%,49,35706,0.0176106770833333
humidity_percent,%,50,36850,0.0181749131944444
humidity_percent,%,51,49148,0.0242404513888889
humidity_percent,%,52,124058,0.0611870659722222
humidity_percent,%,53,46002,0.0226888020833333
humidity_percent,%,54,23364,0.0115234375
humidity_percent,%,55,16368,0.00807291666666667
humidity_percent,%,56,22902,0.0112955729166667
humidity_percent,%,57,26972,0.0133029513888889
humidity_percent,%,58,23298,0.0114908854166667
humidity_percent,%,59,21802,0.0107530381944444
humidity_percent,%,60,16192,0.00798611111111111
humidity_percent,%,61,11374,0.00560980902777778
humidity_percent,%,62,14894,0.00734592013888889
humidity_percent,%,63,3058,0.00150824652777778
humidity_percent,%,64,28006,0.0138129340277778
humidity_percent,%,65,67386,0.0332356770833333
humidity_percent,%,65.5,22,1.08506944444444e-05
humidity_percent,%,66,83380,0.0411241319444444
humidity_percent,%,67,67474,0.0332790798611111
humidity_percent,%,67.5,22,1.08506944444444e-05
humidity_percent,%,68,173206,0.0854275173611111
humidity_percent,%,69,174020,0.0858289930555556
humidity_percent,%,70,110198,0.0543511284722222
humidity_percent,%,71,155562,0.0767252604166667
humidity_percent,%,72,95150,0.0469292534722222
humidity_percent,%,73,95304,0.0470052083333333
humidity_percent,%,74,220440,0.108723958333333
humidity_percent,%,75,95370,0.0470377604166667
humidity_percent,%,76,56936,0.0280815972222222
humidity_percent,%,77,42812,0.0211154513888889
humidity_percent,%,78,17248,0.00850694444444444
humidity_percent,%,79,36256,0.0178819444444444
humidity_percent,%,80,2464,0.00121527777777778
humidity_percent,%,81,242,0.000119357638888889
humidity_percent,%,82,22,1.08506944444444e-05
voltage_v,V,197.8,22,1.08506944444444e-05
voltage_v,V,198.4,22,1.08506944444444e-05
voltage_v,V,198.7,22,1.08506944444444e-05
voltage_v,V,199.2,22,1.08506944444444e-05
voltage_v,V,199.7,22,1.08506944444444e-05
voltage_v,V,199.9,22,1.08506944444444e-05
voltage_v,V,200.3,22,1.08506944444444e-05
voltage_v,V,200.5,44,2.17013888888889e-05
voltage_v,V,200.7,132,6.51041666666667e-05
voltage_v,V,200.8,66,3.25520833333333e-05
voltage_v,V,200.9,22,1.08506944444444e-05
voltage_v,V,201,44,2.17013888888889e-05
voltage_v,V,201.2,66,3.25520833333333e-05
voltage_v,V,201.3,22,1.08506944444444e-05
voltage_v,V,201.4,66,3.25520833333333e-05
voltage_v,V,201.5,22,1.08506944444444e-05
voltage_v,V,201.6,66,3.25520833333333e-05
voltage_v,V,201.7,66,3.25520833333333e-05
voltage_v,V,201.8,44,2.17013888888889e-05
voltage_v,V,201.9,44,2.17013888888889e-05
voltage_v,V,202,44,2.17013888888889e-05
voltage_v,V,202.1,44,2.17013888888889e-05
voltage_v,V,202.2,132,6.51041666666667e-05
voltage_v,V,202.3,66,3.25520833333333e-05
voltage_v,V,202.4,66,3.25520833333333e-05
voltage_v,V,202.5,88,4.34027777777778e-05
voltage_v,V,202.6,66,3.25520833333333e-05
voltage_v,V,202.7,66,3.25520833333333e-05
voltage_v,V,202.8,66,3.25520833333333e-05
voltage_v,V,202.9,66,3.25520833333333e-05
voltage_v,V,203,176,8.68055555555556e-05
voltage_v,V,203.1,22,1.08506944444444e-05
voltage_v,V,203.2,88,4.34027777777778e-05
voltage_v,V,203.3,22,1.08506944444444e-05
voltage_v,V,203.4,44,2.17013888888889e-05
voltage_v,V,203.5,44,2.17013888888889e-05
voltage_v,V,203.6,132,6.51041666666667e-05
voltage_v,V,203.7,110,5.42534722222222e-05
voltage_v,V,203.8,154,7.59548611111111e-05
voltage_v,V,203.9,22,1.08506944444444e-05
voltage_v,V,204,66,3.25520833333333e-05
voltage_v,V,204.1,132,6.51041666666667e-05
voltage_v,V,204.2,176,8.68055555555556e-05
voltage_v,V,204.3,110,5.42534722222222e-05
voltage_v,V,204.4,66,3.25520833333333e-05
voltage_v,V,204.5,110,5.42534722222222e-05
voltage_v,V,204.6,88,4.34027777777778e-05
voltage_v,V,204.7,110,5.42534722222222e-05
voltage_v,V,204.8,176,8.68055555555556e-05
voltage_v,V,204.9,132,6.51041666666667e-05
voltage_v,V,205,110,5.42534722222222e-05
voltage_v,V,205.1,176,8.68055555555556e-05
voltage_v,V,205.2,220,0.000108506944444444
voltage_v,V,205.3,264,0.000130208333333333
voltage_v,V,205.4,242,0.000119357638888889
voltage_v,V,205.5,308,0.000151909722222222
voltage_v,V,205.6,264,0.000130208333333333
voltage_v,V,205.7,352,0.000173611111111111
voltage_v,V,205.8,484,0.000238715277777778
voltage_v,V,205.9,286,0.000141059027777778
voltage_v,V,206,418,0.000206163194444444
voltage_v,V,206.1,308,0.000151909722222222
voltage_v,V,206.2,374,0.000184461805555556
voltage_v,V,206.3,264,0.000130208333333333
voltage_v,V,206.4,528,0.000260416666666667
voltage_v,V,206.5,308,0.000151909722222222
voltage_v,V,206.6,308,0.000151909722222222
voltage_v,V,206.7,462,0.000227864583333333
voltage_v,V,206.8,440,0.000217013888888889
voltage_v,V,206.9,528,0.000260416666666667
voltage_v,V,207,594,0.00029296875
voltage_v,V,207.1,572,0.000282118055555556
voltage_v,V,207.2,440,0.000217013888888889
voltage_v,V,207.3,660,0.000325520833333333
voltage_v,V,207.4,374,0.000184461805555556
voltage_v,V,207.5,858,0.000423177083333333
voltage_v,V,207.6,682,0.000336371527777778
voltage_v,V,207.7,770,0.000379774305555556
voltage_v,V,207.8,704,0.000347222222222222
voltage_v,V,207.9,550,0.000271267361111111
voltage_v,V,208,814,0.000401475694444444
voltage_v,V,208.1,726,0.000358072916666667
voltage_v,V,208.2,924,0.000455729166666667
voltage_v,V,208.3,660,0.000325520833333333
voltage_v,V,208.4,858,0.000423177083333333
voltage_v,V,208.5,682,0.000336371527777778
voltage_v,V,208.6,770,0.000379774305555556
voltage_v,V,208.7,616,0.000303819444444444
voltage_v,V,208.8,880,0.000434027777777778
voltage_v,V,208.9,814,0.000401475694444444
voltage_v,V,209,748,0.000368923611111111
voltage_v,V,209.1,682,0.000336371527777778
voltage_v,V,209.2,1034,0.000509982638888889
voltage_v,V,209.3,1034,0.000509982638888889
voltage_v,V,209.4,792,0.000390625
voltage_v,V,209.5,1122,0.000553385416666667
voltage_v,V,209.6,792,0.000390625
voltage_v,V,209.7,1144,0.000564236111111111
voltage_v,V,209.8,1276,0.000629340277777778
voltage_v,V,209.9,1012,0.000499131944444444
voltage_v,V,210,1100,0.000542534722222222
voltage_v,V,210.1,1232,0.000607638888888889
voltage_v,V,210.2,1320,0.000651041666666667
voltage_v,V,210.3,1144,0.000564236111111111
voltage_v,V,210.4,1012,0.000499131944444444
voltage_v,V,210.5,1298,0.000640190972222222
voltage_v,V,210.6,1298,0.000640190972222222
voltage_v,V,210.7,990,0.00048828125
voltage_v,V,210.8,946,0.000466579861111111
voltage_v,V,210.9,946,0.000466579861111111
voltage_v,V,211,1078,0.000531684027777778
voltage_v,V,211.1,1232,0.000607638888888889
voltage_v,V,211.2,1254,0.000618489583333333
voltage_v,V,211.3,1166,0.000575086805555556
voltage_v,V,211.4,1100,0.000542534722222222
voltage_v,V,211.5,1078,0.000531684027777778
voltage_v,V,211.6,1166,0.000575086805555556
voltage_v,V,211.7,1166,0.000575086805555556
voltage_v,V,211.8,1276,0.000629340277777778
voltage_v,V,211.9,1122,0.000553385416666667
voltage_v,V,212,1254,0.000618489583333333
voltage_v,V,212.1,1144,0.000564236111111111
voltage_v,V,212.2,1342,0.000661892361111111
voltage_v,V,212.3,1540,0.000759548611111111
voltage_v,V,212.4,1540,0.000759548611111111
voltage_v,V,212.5,1474,0.000726996527777778
voltage_v,V,212.6,1848,0.000911458333333333
voltage_v,V,212.7,1584,0.00078125
voltage_v,V,212.8,1694,0.000835503472222222
voltage_v,V,212.9,1606,0.000792100694444444
voltage_v,V,213,1958,0.000965711805555556
voltage_v,V,213.1,1694,0.000835503472222222
voltage_v,V,213.2,1738,0.000857204861111111
voltage_v,V,213.3,1870,0.000922309027777778
voltage_v,V,213.4,1518,0.000748697916666667
voltage_v,V,213.5,2178,0.00107421875
voltage_v,V,213.6,2002,0.000987413194444444
voltage_v,V,213.7,2266,0.00111762152777778
voltage_v,V,213.8,2112,0.00104166666666667
voltage_v,V,213.9,2420,0.00119357638888889
voltage_v,V,214,2398,0.00118272569444444
voltage_v,V,214.1,2200,0.00108506944444444
voltage_v,V,214.2,2024,0.000998263888888889
voltage_v,V,214.3,2376,0.001171875
voltage_v,V,214.4,2508,0.00123697916666667
voltage_v,V,214.5,2552,0.00125868055555556
voltage_v,V,214.6,2530,0.00124782986111111
voltage_v,V,214.7,2530,0.00124782986111111
voltage_v,V,214.8,2750,0.00135633680555556
voltage_v,V,214.9,2640,0.00130208333333333
voltage_v,V,215,2552,0.00125868055555556
voltage_v,V,215.1,2552,0.00125868055555556
voltage_v,V,215.2,3190,0.00157335069444444
voltage_v,V,215.3,2706,0.00133463541666667
voltage_v,V,215.4,2728,0.00134548611111111
voltage_v,V,215.5,3410,0.00168185763888889
voltage_v,V,215.6,4180,0.00206163194444444
voltage_v,V,215.7,3652,0.00180121527777778
voltage_v,V,215.8,3740,0.00184461805555556
voltage_v,V,215.9,3564,0.0017578125
voltage_v,V,216,3718,0.00183376736111111
voltage_v,V,216.1,4048,0.00199652777777778
voltage_v,V,216.2,3850,0.00189887152777778
voltage_v,V,216.3,4092,0.00201822916666667
voltage_v,V,216.4,3454,0.00170355902777778
voltage_v,V,216.5,4400,0.00217013888888889
voltage_v,V,216.6,4026,0.00198567708333333
voltage_v,V,216.7,3410,0.00168185763888889
voltage_v,V,216.8,3784,0.00186631944444444
voltage_v,V,216.9,4224,0.00208333333333333
voltage_v,V,217,3784,0.00186631944444444
voltage_v,V,217.1,4026,0.00198567708333333
voltage_v,V,217.2,3894,0.00192057291666667
voltage_v,V,217.3,4312,0.00212673611111111
voltage_v,V,217.4,4730,0.00233289930555556
voltage_v,V,217.5,4488,0.00221354166666667
voltage_v,V,217.6,4444,0.00219184027777778
voltage_v,V,217.7,4312,0.00212673611111111
voltage_v,V,217.8,4092,0.00201822916666667
voltage_v,V,217.9,5214,0.00257161458333333
voltage_v,V,218,5170,0.00254991319444444
voltage_v,V,218.1,4356,0.0021484375
voltage_v,V,218.2,4378,0.00215928819444444
voltage_v,V,218.3,4642,0.00228949652777778
voltage_v,V,218.4,4312,0.00212673611111111
voltage_v,V,218.5,4444,0.00219184027777778
voltage_v,V,218.6,4730,0.00233289930555556
voltage_v,V,218.7,4928,0.00243055555555556
voltage_v,V,218.8,4158,0.00205078125
voltage_v,V,218.9,4730,0.00233289930555556
voltage_v,V,219,4840,0.00238715277777778
voltage_v,V,219.1,5412,0.00266927083333333
voltage_v,V,219.2,5302,0.00261501736111111
voltage_v,V,219.3,5588,0.00275607638888889
voltage_v,V,219.4,5434,0.00268012152777778
voltage_v,V,219.5,5346,0.00263671875
voltage_v,V,219.6,5676,0.00279947916666667
voltage_v,V,219.7,5082,0.00250651041666667
voltage_v,V,219.8,5610,0.00276692708333333
voltage_v,V,219.9,5456,0.00269097222222222
voltage_v,V,220,6006,0.00296223958333333
voltage_v,V,220.1,5500,0.00271267361111111
voltage_v,V,220.2,5522,0.00272352430555556
voltage_v,V,220.3,5786,0.00285373263888889
voltage_v,V,220.4,6974,0.00343967013888889
voltage_v,V,220.5,6226,0.00307074652777778
voltage_v,V,220.6,5610,0.00276692708333333
voltage_v,V,220.7,6226,0.00307074652777778
voltage_v,V,220.8,6314,0.00311414930555556
voltage_v,V,220.9,6996,0.00345052083333333
voltage_v,V,221,6204,0.00305989583333333
voltage_v,V,221.1,7370,0.00363498263888889
voltage_v,V,221.2,7084,0.00349392361111111
voltage_v,V,221.3,6710,0.00330946180555556
voltage_v,V,221.4,7282,0.00359157986111111
voltage_v,V,221.5,7040,0.00347222222222222
voltage_v,V,221.6,7040,0.00347222222222222
voltage_v,V,221.7,8514,0.00419921875
voltage_v,V,221.8,7282,0.00359157986111111
voltage_v,V,221.9,7282,0.00359157986111111
voltage_v,V,222,7414,0.00365668402777778
voltage_v,V,222.1,7194,0.00354817708333333
voltage_v,V,222.2,7018,0.00346137152777778
voltage_v,V,222.3,7788,0.00384114583333333
voltage_v,V,222.4,8228,0.00405815972222222
voltage_v,V,222.5,7656,0.00377604166666667
voltage_v,V,222.6,8316,0.0041015625
voltage_v,V,222.7,8030,0.00396050347222222
voltage_v,V,222.8,7766,0.00383029513888889
voltage_v,V,222.9,7898,0.00389539930555556
voltage_v,V,223,8206,0.00404730902777778
voltage_v,V,223.1,7700,0.00379774305555556
voltage_v,V,223.2,8360,0.00412326388888889
voltage_v,V,223.3,13244,0.00653211805555556
voltage_v,V,223.4,8008,0.00394965277777778
voltage_v,V,223.5,8932,0.00440538194444444
voltage_v,V,223.6,8690,0.00428602430555556
voltage_v,V,223.7,13508,0.00666232638888889
voltage_v,V,223.8,9020,0.00444878472222222
voltage_v,V,223.9,8998,0.00443793402777778
voltage_v,V,224,9262,0.00456814236111111
voltage_v,V,224.1,9306,0.00458984375
voltage_v,V,224.2,9108,0.0044921875
voltage_v,V,224.3,9328,0.00460069444444444
voltage_v,V,224.4,8536,0.00421006944444444
voltage_v,V,224.5,9262,0.00456814236111111
voltage_v,V,224.6,9922,0.00489366319444444
voltage_v,V,224.7,14784,0.00729166666666667
voltage_v,V,224.8,10054,0.00495876736111111
voltage_v,V,224.9,9416,0.00464409722222222
voltage_v,V,225,11110,0.00547960069444444
voltage_v,V,225.1,9680,0.00477430555555556
voltage_v,V,225.2,10450,0.00515407986111111
voltage_v,V,225.3,9834,0.00485026041666667
voltage_v,V,225.4,10274,0.00506727430555556
voltage_v,V,225.5,10032,0.00494791666666667
voltage_v,V,225.6,10648,0.00525173611111111
voltage_v,V,225.7,9878,0.00487196180555556
voltage_v,V,225.8,10252,0.00505642361111111
voltage_v,V,225.9,10252,0.00505642361111111
voltage_v,V,226,10978,0.00541449652777778
voltage_v,V,226.1,11022,0.00543619791666667
voltage_v,V,226.2,12034,0.00593532986111111
voltage_v,V,226.3,10692,0.0052734375
voltage_v,V,226.4,10824,0.00533854166666667
voltage_v,V,226.5,10934,0.00539279513888889
voltage_v,V,226.6,10934,0.00539279513888889
voltage_v,V,226.7,16566,0.00817057291666667
voltage_v,V,226.8,12144,0.00598958333333333
voltage_v,V,226.9,11044,0.00544704861111111
voltage_v,V,227,12078,0.00595703125
voltage_v,V,227.1,10890,0.00537109375
voltage_v,V,227.2,12144,0.00598958333333333
voltage_v,V,227.3,11924,0.00588107638888889
voltage_v,V,227.4,12584,0.00620659722222222
voltage_v,V,227.5,11440,0.00564236111111111
voltage_v,V,227.6,11880,0.005859375
voltage_v,V,227.7,11418,0.00563151041666667
voltage_v,V,227.8,11110,0.00547960069444444
voltage_v,V,227.9,11550,0.00569661458333333
voltage_v,V,228,14476,0.00713975694444444
voltage_v,V,228.1,16786,0.00827907986111111
voltage_v,V,228.2,12012,0.00592447916666667
voltage_v,V,228.3,11088,0.00546875
voltage_v,V,228.4,12452,0.00614149305555556
voltage_v,V,228.5,11682,0.00576171875
voltage_v,V,228.6,10846,0.00534939236111111
voltage_v,V,228.7,15158,0.00747612847222222
voltage_v,V,228.8,10868,0.00536024305555556
voltage_v,V,228.9,16368,0.00807291666666667
voltage_v,V,229,16610,0.00819227430555556
voltage_v,V,229.1,11418,0.00563151041666667
voltage_v,V,229.2,10934,0.00539279513888889
voltage_v,V,229.3,11088,0.00546875
voltage_v,V,229.4,11418,0.00563151041666667
voltage_v,V,229.5,10802,0.00532769097222222
voltage_v,V,229.6,15708,0.00774739583333333
voltage_v,V,229.7,11858,0.00584852430555556
voltage_v,V,229.8,10472,0.00516493055555556
voltage_v,V,229.9,10626,0.00524088541666667
voltage_v,V,230,10868,0.00536024305555556
voltage_v,V,230.1,9526,0.00469835069444444
voltage_v,V,230.2,10230,0.00504557291666667
voltage_v,V,230.3,10648,0.00525173611111111
voltage_v,V,230.4,10186,0.00502387152777778
voltage_v,V,230.5,9570,0.00472005208333333
voltage_v,V,230.6,14608,0.00720486111111111
voltage_v,V,230.7,10054,0.00495876736111111
voltage_v,V,230.8,9944,0.00490451388888889
voltage_v,V,230.9,9174,0.00452473958333333
voltage_v,V,231,9460,0.00466579861111111
voltage_v,V,231.1,9020,0.00444878472222222
voltage_v,V,231.2,9680,0.00477430555555556
voltage_v,V,231.3,8822,0.00435112847222222
voltage_v,V,231.4,8778,0.00432942708333333
voltage_v,V,231.5,9130,0.00450303819444444
voltage_v,V,231.6,8712,0.004296875
voltage_v,V,231.7,8602,0.00424262152777778
voltage_v,V,231.8,8140,0.00401475694444444
voltage_v,V,231.9,9064,0.00447048611111111
voltage_v,V,232,8624,0.00425347222222222
voltage_v,V,232.1,9020,0.00444878472222222
voltage_v,V,232.2,14300,0.00705295138888889
voltage_v,V,232.3,8448,0.00416666666666667
voltage_v,V,232.4,8184,0.00403645833333333
voltage_v,V,232.5,8030,0.00396050347222222
voltage_v,V,232.6,8448,0.00416666666666667
voltage_v,V,232.7,7854,0.00387369791666667
voltage_v,V,232.8,7788,0.00384114583333333
voltage_v,V,232.9,8162,0.00402560763888889
voltage_v,V,233,7238,0.00356987847222222
voltage_v,V,233.1,7392,0.00364583333333333
voltage_v,V,233.2,7920,0.00390625
voltage_v,V,233.3,7128,0.003515625
voltage_v,V,233.4,7832,0.00386284722222222
voltage_v,V,233.5,8338,0.00411241319444444
voltage_v,V,233.6,6930,0.00341796875
voltage_v,V,233.7,7744,0.00381944444444444
voltage_v,V,233.8,7942,0.00391710069444444
voltage_v,V,233.9,7128,0.003515625
voltage_v,V,234,7216,0.00355902777777778
voltage_v,V,234.1,7238,0.00356987847222222
voltage_v,V,234.2,6556,0.00323350694444444
voltage_v,V,234.3,6930,0.00341796875
voltage_v,V,234.4,6314,0.00311414930555556
voltage_v,V,234.5,6600,0.00325520833333333
voltage_v,V,234.6,6446,0.00317925347222222
voltage_v,V,234.7,7612,0.00375434027777778
voltage_v,V,234.8,6534,0.00322265625
voltage_v,V,234.9,7634,0.00376519097222222
voltage_v,V,235,6864,0.00338541666666667
voltage_v,V,235.1,7128,0.003515625
voltage_v,V,235.2,6336,0.003125
voltage_v,V,235.3,6512,0.00321180555555556
voltage_v,V,235.4,7436,0.00366753472222222
voltage_v,V,235.5,6424,0.00316840277777778
voltage_v,V,235.6,6204,0.00305989583333333
voltage_v,V,235.7,6688,0.00329861111111111
voltage_v,V,235.8,5896,0.00290798611111111
voltage_v,V,235.9,6204,0.00305989583333333
voltage_v,V,236,5962,0.00294053819444444
voltage_v,V,236.1,4664,0.00230034722222222
voltage_v,V,236.2,4928,0.00243055555555556
voltage_v,V,236.3,6138,0.00302734375
voltage_v,V,236.4,4972,0.00245225694444444
voltage_v,V,236.5,5192,0.00256076388888889
voltage_v,V,236.6,5104,0.00251736111111111
voltage_v,V,236.7,5060,0.00249565972222222
voltage_v,V,236.8,4774,0.00235460069444444
voltage_v,V,236.9,4796,0.00236545138888889
voltage_v,V,237,4334,0.00213758680555556
voltage_v,V,237.1,4906,0.00241970486111111
voltage_v,V,237.2,3850,0.00189887152777778
voltage_v,V,237.3,4070,0.00200737847222222
voltage_v,V,237.4,4488,0.00221354166666667
voltage_v,V,237.5,3718,0.00183376736111111
voltage_v,V,237.6,4422,0.00218098958333333
voltage_v,V,237.7,3498,0.00172526041666667
voltage_v,V,237.8,3806,0.00187717013888889
voltage_v,V,237.9,3476,0.00171440972222222
voltage_v,V,238,3366,0.00166015625
voltage_v,V,238.1,3410,0.00168185763888889
voltage_v,V,238.2,3454,0.00170355902777778
voltage_v,V,238.3,3520,0.00173611111111111
voltage_v,V,238.4,3300,0.00162760416666667
voltage_v,V,238.5,3256,0.00160590277777778
voltage_v,V,238.6,2992,0.00147569444444444
voltage_v,V,238.7,3014,0.00148654513888889
voltage_v,V,238.8,2508,0.00123697916666667
voltage_v,V,238.9,2750,0.00135633680555556
voltage_v,V,239,3058,0.00150824652777778
voltage_v,V,239.1,2354,0.00116102430555556
voltage_v,V,239.2,2178,0.00107421875
voltage_v,V,239.3,2508,0.00123697916666667
voltage_v,V,239.4,2442,0.00120442708333333
voltage_v,V,239.5,2222,0.00109592013888889
voltage_v,V,239.6,2332,0.00115017361111111
voltage_v,V,239.7,2596,0.00128038194444444
voltage_v,V,239.8,1958,0.000965711805555556
voltage_v,V,239.9,2354,0.00116102430555556
voltage_v,V,240,2200,0.00108506944444444
voltage_v,V,240.1,2332,0.00115017361111111
voltage_v,V,240.2,2376,0.001171875
voltage_v,V,240.3,2178,0.00107421875
voltage_v,V,240.4,2244,0.00110677083333333
voltage_v,V,240.5,1760,0.000868055555555556
voltage_v,V,240.6,2178,0.00107421875
voltage_v,V,240.7,1782,0.00087890625
voltage_v,V,240.8,1606,0.000792100694444444
voltage_v,V,240.9,1650,0.000813802083333333
voltage_v,V,241,1804,0.000889756944444444
voltage_v,V,241.1,1628,0.000802951388888889
voltage_v,V,241.2,1782,0.00087890625
voltage_v,V,241.3,1606,0.000792100694444444
voltage_v,V,241.4,1694,0.000835503472222222
voltage_v,V,241.5,1628,0.000802951388888889
voltage_v,V,241.6,1540,0.000759548611111111
voltage_v,V,241.7,1452,0.000716145833333333
voltage_v,V,241.8,1342,0.000661892361111111
voltage_v,V,241.9,1342,0.000661892361111111
voltage_v,V,242,1056,0.000520833333333333
voltage_v,V,242.1,1122,0.000553385416666667
voltage_v,V,242.2,1166,0.000575086805555556
voltage_v,V,242.3,1232,0.000607638888888889
voltage_v,V,242.4,1166,0.000575086805555556
voltage_v,V,242.5,1056,0.000520833333333333
voltage_v,V,242.6,1078,0.000531684027777778
voltage_v,V,242.7,924,0.000455729166666667
voltage_v,V,242.8,1034,0.000509982638888889
voltage_v,V,242.9,902,0.000444878472222222
voltage_v,V,243,704,0.000347222222222222
voltage_v,V,243.1,858,0.000423177083333333
voltage_v,V,243.2,748,0.000368923611111111
voltage_v,V,243.3,880,0.000434027777777778
voltage_v,V,243.4,572,0.000282118055555556
voltage_v,V,243.5,682,0.000336371527777778
voltage_v,V,243.6,660,0.000325520833333333
voltage_v,V,243.7,440,0.000217013888888889
voltage_v,V,243.8,594,0.00029296875
voltage_v,V,243.9,462,0.000227864583333333
voltage_v,V,244,506,0.000249565972222222
voltage_v,V,244.1,484,0.000238715277777778
voltage_v,V,244.2,220,0.000108506944444444
voltage_v,V,244.3,352,0.000173611111111111
voltage_v,V,244.4,440,0.000217013888888889
voltage_v,V,244.5,308,0.000151909722222222
voltage_v,V,244.6,440,0.000217013888888889
voltage_v,V,244.7,352,0.000173611111111111
voltage_v,V,244.8,198,9.765625e-05
voltage_v,V,244.9,330,0.000162760416666667
voltage_v,V,245,198,9.765625e-05
voltage_v,V,245.1,330,0.000162760416666667
voltage_v,V,245.2,352,0.000173611111111111
voltage_v,V,245.3,330,0.000162760416666667
voltage_v,V,245.4,110,5.42534722222222e-05
voltage_v,V,245.5,110,5.42534722222222e-05
voltage_v,V,245.6,176,8.68055555555556e-05
voltage_v,V,245.7,220,0.000108506944444444
voltage_v,V,245.8,352,0.000173611111111111
voltage_v,V,245.9,176,8.68055555555556e-05
voltage_v,V,246,242,0.000119357638888889
voltage_v,V,246.1,198,9.765625e-05
voltage_v,V,246.2,220,0.000108506944444444
voltage_v,V,246.3,154,7.59548611111111e-05
voltage_v,V,246.4,176,8.68055555555556e-05
voltage_v,V,246.5,132,6.51041666666667e-05
voltage_v,V,246.6,242,0.000119357638888889
voltage_v,V,246.7,176,8.68055555555556e-05
voltage_v,V,246.8,242,0.000119357638888889
voltage_v,V,246.9,132,6.51041666666667e-05
voltage_v,V,247,88,4.34027777777778e-05
voltage_v,V,247.1,88,4.34027777777778e-05
voltage_v,V,247.2,22,1.08506944444444e-05
voltage_v,V,247.3,88,4.34027777777778e-05
voltage_v,V,247.4,88,4.34027777777778e-05
voltage_v,V,247.5,44,2.17013888888889e-05
voltage_v,V,247.6,66,3.25520833333333e-05
voltage_v,V,247.7,66,3.25520833333333e-05
voltage_v,V,247.8,176,8.68055555555556e-05
voltage_v,V,247.9,154,7.59548611111111e-05
voltage_v,V,248,66,3.25520833333333e-05
voltage_v,V,248.2,44,2.17013888888889e-05
voltage_v,V,248.3,110,5.42534722222222e-05
voltage_v,V,248.4,44,2.17013888888889e-05
voltage_v,V,248.5,22,1.08506944444444e-05
voltage_v,V,248.6,22,1.08506944444444e-05
voltage_v,V,248.7,22,1.08506944444444e-05
voltage_v,V,248.8,66,3.25520833333333e-05
voltage_v,V,249.1,66,3.25520833333333e-05
voltage_v,V,249.4,22,1.08506944444444e-05
voltage_v,V,249.5,66,3.25520833333333e-05
voltage_v,V,249.6,66,3.25520833333333e-05
voltage_v,V,249.8,22,1.08506944444444e-05
voltage_v,V,250.1,44,2.17013888888889e-05
voltage_v,V,250.2,22,1.08506944444444e-05
voltage_v,V,250.3,22,1.08506944444444e-05
voltage_v,V,250.5,22,1.08506944444444e-05
voltage_v,V,250.9,22,1.08506944444444e-05
current_a,A,0.12,66,3.25520833333333e-05
current_a,A,0.13,374,0.000184461805555556
current_a,A,0.131,22,1.08506944444444e-05
current_a,A,0.14,15796,0.00779079861111111
current_a,A,0.15,444180,0.219075520833333
current_a,A,0.16,759946,0.374815538194444
current_a,A,0.17,649748,0.320464409722222
current_a,A,0.18,116732,0.0575737847222222
current_a,A,0.19,40326,0.0198893229166667
current_a,A,0.2,110,5.42534722222222e-05
current_a,A,0.21,66,3.25520833333333e-05
current_a,A,0.23,22,1.08506944444444e-05
current_a,A,0.24,44,2.17013888888889e-05
current_a,A,0.25,22,1.08506944444444e-05
current_a,A,0.26,22,1.08506944444444e-05
current_a,A,0.5,22,1.08506944444444e-05
current_a,A,2.2,22,1.08506944444444e-05
power_w,W,25.4,22,1.08506944444444e-05
power_w,W,25.5,44,2.17013888888889e-05
power_w,W,27,22,1.08506944444444e-05
power_w,W,27.5,22,1.08506944444444e-05
power_w,W,27.6,22,1.08506944444444e-05
power_w,W,28.1,22,1.08506944444444e-05
power_w,W,28.2,44,2.17013888888889e-05
power_w,W,28.3,22,1.08506944444444e-05
power_w,W,28.4,22,1.08506944444444e-05
power_w,W,28.5,22,1.08506944444444e-05
power_w,W,28.6,22,1.08506944444444e-05
power_w,W,28.7,88,4.34027777777778e-05
power_w,W,28.8,110,5.42534722222222e-05
power_w,W,28.9,88,4.34027777777778e-05
power_w,W,29,242,0.000119357638888889
power_w,W,29.09,22,1.08506944444444e-05
power_w,W,29.1,572,0.000282118055555556
power_w,W,29.2,330,0.000162760416666667
power_w,W,29.3,506,0.000249565972222222
power_w,W,29.4,440,0.000217013888888889
power_w,W,29.5,638,0.000314670138888889
power_w,W,29.6,418,0.000206163194444444
power_w,W,29.7,484,0.000238715277777778
power_w,W,29.8,594,0.00029296875
power_w,W,29.9,506,0.000249565972222222
power_w,W,30,814,0.000401475694444444
power_w,W,30.1,726,0.000358072916666667
power_w,W,30.2,1452,0.000716145833333333
power_w,W,30.3,1166,0.000575086805555556
power_w,W,30.4,1826,0.000900607638888889
power_w,W,30.5,1650,0.000813802083333333
power_w,W,30.6,1892,0.000933159722222222
power_w,W,30.7,2112,0.00104166666666667
power_w,W,30.8,1694,0.000835503472222222
power_w,W,30.9,1980,0.0009765625
power_w,W,31,1980,0.0009765625
power_w,W,31.1,2222,0.00109592013888889
power_w,W,31.2,2574,0.00126953125
power_w,W,31.3,3410,0.00168185763888889
power_w,W,31.4,3322,0.00163845486111111
power_w,W,31.5,4422,0.00218098958333333
power_w,W,31.6,4356,0.0021484375
power_w,W,31.7,5434,0.00268012152777778
power_w,W,31.8,5566,0.00274522569444444
power_w,W,31.9,5962,0.00294053819444444
power_w,W,32,6094,0.00300564236111111
power_w,W,32.1,6578,0.00324435763888889
power_w,W,32.2,6864,0.00338541666666667
power_w,W,32.3,7040,0.00347222222222222
power_w,W,32.4,7722,0.00380859375
power_w,W,32.5,8382,0.00413411458333333
power_w,W,32.6,8536,0.00421006944444444
power_w,W,32.7,8800,0.00434027777777778
power_w,W,32.8,9966,0.00491536458333333
power_w,W,32.9,9152,0.00451388888888889
power_w,W,33,9174,0.00452473958333333
power_w,W,33.1,10120,0.00499131944444444
power_w,W,33.2,10362,0.00511067708333333
power_w,W,33.3,11770,0.00580512152777778
power_w,W,33.4,11396,0.00562065972222222
power_w,W,33.5,12760,0.00629340277777778
power_w,W,33.6,12232,0.00603298611111111
power_w,W,33.7,12056,0.00594618055555556
power_w,W,33.8,13750,0.00678168402777778
power_w,W,33.9,14058,0.00693359375
power_w,W,34,14806,0.00730251736111111
power_w,W,34.1,15312,0.00755208333333333
power_w,W,34.2,16918,0.00834418402777778
power_w,W,34.3,18326,0.00903862847222222
power_w,W,34.4,19888,0.00980902777777778
power_w,W,34.5,20130,0.00992838541666667
power_w,W,34.6,21208,0.0104600694444444
power_w,W,34.7,23100,0.0113932291666667
power_w,W,34.8,25058,0.0123589409722222
power_w,W,34.9,25190,0.0124240451388889
power_w,W,35,27500,0.0135633680555556
power_w,W,35.1,29392,0.0144965277777778
power_w,W,35.2,30470,0.0150282118055556
power_w,W,35.3,33418,0.0164822048611111
power_w,W,35.4,32890,0.0162217881944444
power_w,W,35.5,33836,0.0166883680555556
power_w,W,35.6,35134,0.0173285590277778
power_w,W,35.7,34452,0.0169921875
power_w,W,35.8,34254,0.01689453125
power_w,W,35.9,30954,0.0152669270833333
power_w,W,36,30932,0.0152560763888889
power_w,W,36.1,30888,0.015234375
power_w,W,36.2,30250,0.0149197048611111
power_w,W,36.3,28292,0.0139539930555556
power_w,W,36.4,28270,0.0139431423611111
power_w,W,36.5,26092,0.0128689236111111
power_w,W,36.6,26862,0.0132486979166667
power_w,W,36.7,25586,0.0126193576388889
power_w,W,36.8,25608,0.0126302083333333
power_w,W,36.9,25696,0.0126736111111111
power_w,W,37,25652,0.0126519097222222
power_w,W,37.1,24508,0.0120876736111111
power_w,W,37.2,25586,0.0126193576388889
power_w,W,37.3,24772,0.0122178819444444
power_w,W,37.4,26202,0.0129231770833333
power_w,W,37.5,24640,0.0121527777777778
power_w,W,37.6,27104,0.0133680555555556
power_w,W,37.7,24332,0.0120008680555556
power_w,W,37.8,25124,0.0123914930555556
power_w,W,37.9,23804,0.0117404513888889
power_w,W,38,24376,0.0120225694444444
power_w,W,38.1,23254,0.0114691840277778
power_w,W,38.17,5324,0.00262586805555556
power_w,W,38.2,23276,0.0114800347222222
power_w,W,38.3,22220,0.0109592013888889
power_w,W,38.4,23298,0.0114908854166667
power_w,W,38.5,24156,0.0119140625
power_w,W,38.51,5280,0.00260416666666667
power_w,W,38.6,22836,0.0112630208333333
power_w,W,38.7,22792,0.0112413194444444
power_w,W,38.73,3520,0.00173611111111111
power_w,W,38.8,22462,0.0110785590277778
power_w,W,38.9,28182,0.0138997395833333
power_w,W,39,25586,0.0126193576388889
power_w,W,39.1,23320,0.0115017361111111
power_w,W,39.2,22044,0.0108723958333333
power_w,W,39.3,22132,0.0109157986111111
power_w,W,39.4,21846,0.0107747395833333
power_w,W,39.5,21736,0.0107204861111111
power_w,W,39.6,20592,0.01015625
power_w,W,39.7,17578,0.00866970486111111
power_w,W,39.8,17754,0.00875651041666667
power_w,W,39.9,16280,0.00802951388888889
power_w,W,40,15356,0.00757378472222222
power_w,W,40.1,14278,0.00704210069444444
power_w,W,40.2,13244,0.00653211805555556
power_w,W,40.3,10692,0.0052734375
power_w,W,40.4,10582,0.00521918402777778
power_w,W,40.5,10296,0.005078125
power_w,W,40.6,10406,0.00513237847222222
power_w,W,40.7,9526,0.00469835069444444
power_w,W,40.8,9262,0.00456814236111111
power_w,W,40.9,8448,0.00416666666666667
power_w,W,41,9064,0.00447048611111111
power_w,W,41.01,22,1.08506944444444e-05
power_w,W,41.1,7590,0.00374348958333333
power_w,W,41.2,7722,0.00380859375
power_w,W,41.27,638,0.000314670138888889
power_w,W,41.3,6182,0.00304904513888889
power_w,W,41.4,7414,0.00365668402777778
power_w,W,41.5,6094,0.00300564236111111
power_w,W,41.6,6204,0.00305989583333333
power_w,W,41.7,5434,0.00268012152777778
power_w,W,41.8,5500,0.00271267361111111
power_w,W,41.9,4444,0.00219184027777778
power_w,W,42,4312,0.00212673611111111
power_w,W,42.1,4708,0.00232204861111111
power_w,W,42.2,4092,0.00201822916666667
power_w,W,42.3,3608,0.00177951388888889
power_w,W,42.39,5368,0.00264756944444444
power_w,W,42.4,3058,0.00150824652777778
power_w,W,42.47,5346,0.00263671875
power_w,W,42.5,3388,0.00167100694444444
power_w,W,42.6,2420,0.00119357638888889
power_w,W,42.7,2816,0.00138888888888889
power_w,W,42.8,2596,0.00128038194444444
power_w,W,42.9,2112,0.00104166666666667
power_w,W,43,1694,0.000835503472222222
power_w,W,43.1,2068,0.00101996527777778
power_w,W,43.2,1584,0.00078125
power_w,W,43.3,1320,0.000651041666666667
power_w,W,43.31,5346,0.00263671875
power_w,W,43.4,858,0.000423177083333333
power_w,W,43.42,3036,0.00149739583333333
power_w,W,43.46,5522,0.00272352430555556
power_w,W,43.5,946,0.000466579861111111
power_w,W,43.6,726,0.000358072916666667
power_w,W,43.7,616,0.000303819444444444
power_w,W,43.78,5236,0.00258246527777778
power_w,W,43.8,462,0.000227864583333333
power_w,W,43.9,330,0.000162760416666667
power_w,W,44,374,0.000184461805555556
power_w,W,44.08,5434,0.00268012152777778
power_w,W,44.1,286,0.000141059027777778
power_w,W,44.2,66,3.25520833333333e-05
power_w,W,44.3,22,1.08506944444444e-05
power_w,W,44.4,22,1.08506944444444e-05
power_w,W,44.5,22,1.08506944444444e-05
power_w,W,44.6,22,1.08506944444444e-05
power_w,W,45,22,1.08506944444444e-05
power_w,W,45.3,22,1.08506944444444e-05
power_w,W,45.4,22,1.08506944444444e-05
power_w,W,46.9,22,1.08506944444444e-05
power_w,W,47.2,22,1.08506944444444e-05
power_w,W,47.4,22,1.08506944444444e-05
power_w,W,49.4,22,1.08506944444444e-05
power_w,W,49.5,22,1.08506944444444e-05
power_w,W,52.3,22,1.08506944444444e-05
power_w,W,52.7,22,1.08506944444444e-05
power_w,W,54.6,22,1.08506944444444e-05
power_w,W,55.4,22,1.08506944444444e-05
power_w,W,59.4,22,1.08506944444444e-05
power_w,W,110,22,1.08506944444444e-05
power_w,W,484,22,1.08506944444444e-05
occupancy_count,orang,0,102322,0.0504665798611111
occupancy_count,orang,1,171666,0.08466796875
occupancy_count,orang,2,372504,0.183723958333333
occupancy_count,orang,3,555610,0.274034288194444
occupancy_count,orang,4,455796,0.2248046875
occupancy_count,orang,5,369622,0.182302517361111
